{
  "knn": {
    "final_metrics": {
      "accuracy": 0.7756410256410257,
      "precision": 0.816,
      "recall": 0.8947368421052632,
      "f1_score": 0.8535564853556485,
      "confusion_matrix": [
        [
          19,
          23
        ],
        [
          12,
          102
        ]
      ],
      "classification_report": {
        "0": {
          "precision": 0.6129032258064516,
          "recall": 0.4523809523809524,
          "f1-score": 0.5205479452054794,
          "support": 42.0
        },
        "1": {
          "precision": 0.816,
          "recall": 0.8947368421052632,
          "f1-score": 0.8535564853556485,
          "support": 114.0
        },
        "accuracy": 0.7756410256410257,
        "macro avg": {
          "precision": 0.7144516129032258,
          "recall": 0.6735588972431078,
          "f1-score": 0.687052215280564,
          "support": 156.0
        },
        "weighted avg": {
          "precision": 0.7613200992555832,
          "recall": 0.7756410256410257,
          "f1-score": 0.763900339930603,
          "support": 156.0
        }
      }
    },
    "best_params": {
      "metric": "manhattan",
      "n_neighbors": 5,
      "weights": "distance"
    },
    "best_feature_method": "raw"
  }
}